t_hor,sdistStore
0,0.0123457,0.0123457,0.0123457,0.0123457,0.0123457,0.0123457,0.0123457,0.0123457,0.0123457,0.0123457,0.0123457,0.0123457,0.0123457,0.0123457,0.0123457,0.0123457,0.0123457,0.0123457,0.0123457,0.0123457,0.0123457,0.0123457,0.0123457,0.0123457,0.0123457,0.0123457,0.0123457,0.0123457,0.0123457,0.0123457,0.0123457,0.0123457,0.0123457,0.0123457,0.0123457,0.0123457,0.0123457,0.0123457,0.0123457,0.0123457,0.0123457,0.0123457,0.0123457,0.0123457,0.0123457,0.0123457,0.0123457,0.0123457,0.0123457,0.0123457,0.0123457,0.0123457,0.0123457,0.0123457,0.0123457,0.0123457,0.0123457,0.0123457,0.0123457,0.0123457,0.0123457,0.0123457,0.0123457,0.0123457,0.0123457,0.0123457,0.0123457,0.0123457,0.0123457,0.0123457,0.0123457,0.0123457,0.0123457,0.0123457,0.0123457,0.0123457,0.0123457,0.0123457,0.0123457,0.0123457,0.0123457,,
1,0.012213,0.0122389,0.0122723,0.0122315,0.0122538,0.0123031,0.0122204,0.012234,0.0122624,0.0122686,0.012271,0.0122957,0.0122871,0.0122945,0.0123291,0.0122612,0.0122846,0.0123093,0.0123204,0.0123217,0.0123772,0.0123686,0.0123266,0.0124303,0.0123093,0.0123612,0.0123908,0.0124389,0.012392,0.0124105,0.0124933,0.0124538,0.012492,0.0123908,0.0123834,0.012413,0.0124698,0.0124513,0.0123834,0.0125451,0.0124945,0.012497,0.012497,0.0124007,0.0124192,0.0125081,0.012392,0.0123315,0.0125599,0.0124575,0.0123797,0.0125167,0.012418,0.0123463,0.0124155,0.0123402,0.0122871,0.0124747,0.0123908,0.0123031,0.0124118,0.012334,0.0122698,0.0123266,0.0122698,0.0122278,0.0123624,0.0122957,0.0122463,0.0123389,0.0122649,0.0122365,0.0122859,0.0122254,0.0122143,0.0123068,0.0122426,0.0122204,0.0122859,0.0122377,0.012213,,

